Nederlands;Frans;Engels;Duits
aandrijfrol;roue (f) de transmission;driving wheel;Antriebsrolle / Antriewalze (die)
Rol die mechanisch of elektrisch aangedreven wordt.;;;
aandrijfzijde;côté (f) commande;drive side;Antriebseite (die)
Zijde of het gedeelte van de pers waar de motor is gelegen.;;;
aandrijving;transmission (f);drive;Antrieb / Andrang (der)
Voortstuwing: aandrijving door krachtbron of krachtoverbrenging.;;;
aanleg;taquet (m) de marge;feed guide;Anlegemarke (die)
De inrichting op een drukpers, die er voor zorgt dat de te bedrukken vellen steeds dezelfde positie hebben.;;;
aanleggen;marger / taquer;to marge;Anlegen
Het vel over één hoek in identieke positie brengen.;;;
aanslag;margeur (m);pitch line;Anfangslinie (die)
Nok waartegen het papier wordt aangelegd.;;;
absolute luchtvochtigheid;humidité (f) de l'air absolue;absolute humidity;absolute Luftfeuchtigkeit (die)
Hoeveelheid waterdamp in een bepaalde hoeveelheid lucht, uitgedrukt in gram water per kubieke lucht: de dichtheid van waterdamp in lucht.;;;
absorptie;absorption (f);absorption;Absorption / Aufnahme (die)
Binnendringen van een vloeistof in porieruimte. Er moet een duidelijk onderscheid gemaakt worden t.o.v. adsorptie, wat een oppervlaktefenomeen is.;;;
aceton;acétone (f);acetone;Azeton (das)
CH3-CO-CH3, vluchtige stof verkregen door droge distillatie van azijnzure zouten dat gebruikt wordt als sterk oplosmiddel.;;;
adhesie;adhésion (f);adhesion;Adhäsion
Aantrekkingskracht tussen moleculen van verschillende stoffen.;;;
afmeting;dimension (f);dimension;Dimension (die)
Kenmerkende dimensie, uitgedrukt in centimeters of millimeters.;;;
afstandssturing / afstandsbediening;télécommande (f) / commande (f) à distance;remote control;Fernsteuerung (die)
Apparaat waarmee men een drukpers vanop enige afstand kan besturen.;;;
afstoten;repousser / rejeter;to repel;abstoßen
Conditie waarin een gedroogde inktlaag een tweede inktlaag, die er bovenop gedrukt wordt, afstoot.;;;
afstrijkveer;lamelle (f) de séparation;sheet separator finger;Abstreiffeder
Separatieveertje boven de papierstapel.;;;
afwikkeling;déroulement (m);rolling;Abwicklung (die)
Cilindrisch afwikkelen van rollen onderling.;;;
afwikkelingsfouten;défauts (m) de déroulement;rolling defects;Abwicklungsfehler (die)
Defecten die ontstaan door verschillende omtreksnelheden van de cilinder.;;;
alcohol;alcool (m);alcohol;Alkohol (der)
Term voor ethylalcohol.;;;
alcoholbestendigheid;résistance (f) à l'alcool;alcohol resistance;Alkoholbestendigkeit (der)
Resistentie tegen alcohol.;;;
algengroei;croissance (f) d'algues;algal growth;Algenwuchs (die)
Groei van micro-organismen in vochtige omgeving, bv. leidingen en reservoirs van het vochtwerk.;;;
alkali;alkali (m);alkali;Alkali (das)
Aanduiding voor bestendigheid i.f.v. alkalische vernissoorten.;;;
alkalisch / basisch ;alkalin (m);alkaline;alkalisch
Met de eigenschap van een alkali of base. De pH bedraagt meer dan 7.;;;
analoge pers ;presse (f) analogique;analogue press;Analogpresse (die)
Drukpers die gebruik maakt van een conventionele druktechniek (impact printing).;;;
anti-smetpoeder ;poudre (f) antimaculage;anti set-off powder;Druckbestäubungsmittel (das)
Poeder dat in de uitleg wordt aangebracht om overzetten van de recto op de verszo zijde te verhinderen.;;;
antismetapparaat ;dispositif (m) antimaculateur;anti set-off device dry spray powder;Druckbestauber (der)
Toestel om het antismetpoeder te verdelen in de uitleg van de machine.;;;
arabische gom ;gomme (f) arabique;arabic gum;Gummiarabicum (das)
Product om de water aannemende eigenschappen van de plaat te verbeteren.;;;
automatisatiegraad;degré (m) d'automatisation;automation degree;Automatisierungsgrad (die)
Mate waarin handmatige instellingen worden vervangen door zelfwerkende sturing.;;;
bakrol;barboteur (m);ductor / fountain roller;Farbkastenwalze (der)
Rol die in de inktbak of vochtbak draait.;;;
bedieningspaneel;tableau (m) / panneau (m) / pupitre (m) de commande;control panel / control board;Leitstand / Steuerpult (das)
Paneel met de basisbedieningen van de machine.;;;
bedieningszijde ;côté (f) de conduite;operating side;Bedienungsseite (die)
Zijde van de pers waar het bedieningspaneel is gelegen.;;;
beklede cilinder;cylindre (m) habillé / cylindre (m) garni / cylindre (m) revêtu;packed cylinder;Zylinder mit Aufzug (der)
Cilinder met bekleding.;;;
bekleding / cilinderbekleding / onderleg;habillage (f) du cylindre;packing;Unterlage
Materiaaldikte die wordt aangebracht onder plaat of rubberdoek.;;;
bekledingsmateriaal ;revêtement (m);covering material;Bekleidungsmaterial (die)
Materiaal dat kan gebruikt worden om de cilinder te bekleden.;;;
belichten;insoler / exposer;expose, to;Beleuchtung
Het blootstellen van een lichtgevoelige oppervlakte aan actinisch licht.;;;
belichtingsraam;chassis (m) d'insolation;exposure frame;Belichtungsrahmen
Gesloten raam met daarboven een lamp voor de plaatbelichting.;;;
bevloeibaarheid ;mouillabilité (f);wettability;Benetzbarkeit (die)
Relatieve affiniteit van een vloeistof voor een vast oppervlak. Het wordt gemeten als de contacthoek tussen de vloeistof en de vaste stof.;;;
bevloeiingsmiddelen ;agents (m) tensio-actifs;wetting / dispersing agents;Netzmittel (das)
Producten die de oppervlaktespanning bei?nvloeden.;;;
bevochtigen ;humidifier;moisten / dampen / wet;Befeuchtung (die)
Aanbrengen van een vochtfilm.;;;
bindmiddel;véhicule (m) liant;vehicle / binding agent;Bindemittel (das)
Drager van inktpigment, geheel of grotendeels samengesteld uit vernis en oplosmiddel, bedoeld om een gelijkmatige spreiding en goede hechting van het pigment te waarborgen.;;;
blaaslucht;air (m) soufflé;blast air;Blasluft
Uitstromende lucht.;;;
blindlopen ;filage (m);blinding;blind laufen
Geleidelijk verminderen van de afdruk op de offsetplaat tijdens het drukken, doordat de beelddelen onvoldoende inkt aannemen.;;;
borgschroef;étau (m) garant;security propellor / locking screw;Bürge Schraube (die)
Schroef die de gemaakte instelling borgt.;;;
borstelsysteem ;système (m) à brosses;brushsystem;Bürstensystem (das)
Wassysteem voor rubber dat gebruik maakt van roterende borstels.;;;
breedlopend;à court grain;short grain;kurzfasrig
Papier waarbij de looprichting evenwijdig is met de korte zijde van het vel.;;;
breedte ;largeur (f);width;Breite (die)
Afmetingen loodrecht op de lengte of op de hoogte.;;;
bufferoplossing;solution (f) tampon;buffer solution;Pufferlösung (die)
Chemisch bestanddeel om de pH van het oplosmiddel te sturen.;;;
carbonaathardheid ;dureté (f) carbonate;carbonate hardness;Karbonathärte (die)
Hardheid van water veroorzaakt door carbonaat- en bicarbonaatbijproducten van calcium en magnesium.;;;
cardanaandrijving ;transmission (f) à cardan;cardan drive / drive shaft;Kardanantrieb (der)
Koppeling tussen motor en machinegedeelte d.m.v. een draaiende as.;;;
cassettensysteem ;système (m) à cassettes;cassette system;Kassettensystem (das)
Systeem voor automatisch rubberdoekwassen met cassettes niet-geweven wasdoek.;;;
chroomwals ;rouleau (m) en chrome;chrome roller;Chromwalze (die)
Wals met chroomoppervlak, meestal toegepast in het vochtwerk.;;;
cilinderbekleding ;habillage (m) du cylindre / revêtement (m) du cylindre;cylinder packing;Zylinder Auszug (der)
Extra materiaal dat op de cilindermantel aangebracht wordt.;;;
cilinderopstelling ;installation (f) des cylindres / arrangement (m) des cylindres;cylinder configuration;Zylinderaufstellung (der)
Geometrische schikking of opstelling van plaat-, rubberdoek- en tegendrukcilinders in de pers.;;;
cilinderpers ;presse (f) à cylindres / presse (f) à rouleaux;cylinder press;Zylinderpresse (die)
Drukgroep met vlakke drukvorm en ronde tegendrukcilinder.;;;
cohesie;cohésion (f);cohesion;Zusammenhalt
Onderlinge samenhang van moleculen van dezelfde soort.;;;
cold-setpers;presse (f) à encre cold-set / presse (f) sans sécheur;cold-set press;Cold-set-presse (die)
Rotatiepers zonder geforceerde droging (krantenpers).;;;
compressibel ;compressible;compressible;zusammendrückbar
Samendrukbaar. ;;;
correctievloeistof ;correcteur (m) liquide;correction fluid;Korrektur Stoff (die)
Vloeistof waarmee men verbeteringen in tekeningen, platen of films kan aanbrengen.;;;
corrosief ;corrosif (m);corrosion;korrosiv
Aantasten van metaal.;;;
corrosievast;résistance (f) à la corrosion;anticorrosive;korrosionsverhütend
Corrosiewerend, bestand tegen bijtende of agressieve producten.;;;
degelpers ;presse (f) à platine;platen press / jobbing press;Tiegelpresse (die)
Hoogdrukpers. Wordt gebruikt voor het uitstansen, foliedrukken, rillen en nummeren van drukwerk. Hoogdrukpers waarbij drukvorm en tegendruk vlak zijn uitgevoerd.;;;
dekkracht ;pouvoir couvrant (m);covering / hiding power;Deckfähigkeit / Deckkraft (die)
Mogelijkheid van de inkt om het onderliggend materiaal (substraat) te verbergen en om een uniform, opaak oppervlak te produceren.;;;
delaminatie;délamination (f);delamination;Delaminierung (die)
Loslaten van op elkaar gebrachte lagen.;;;
densiteit;densité (f);optical density;Densität / Schwärzung (die)
Mate van zwarting van de inktlaag. Densiteitswaarden zijn logaritmische waarden.;;;
densiteitsverschillen ;différences (f) de densité;density differences;Densitätsdifferenzen (die)
Op het gedrukte vel komen verschillen in zwarting voor door verschil in inktlaagdikte.;;;
digitale pers ;presse (f) numérique;digital press;Digitalpresse (die)
Drukpers met digitale aansturing, vergelijkbaar met het principe van een laserprinter. Drukplaten en films zijn niet meer nodig en variabel drukken behoort voortaan tot de mogelijkheden (non-impact printing).;;;
dikteverlies ;perte (f) d'épaisseur;loss of thickness;Dickeverlust (die)
Afname van dikte.;;;
dimensiestabiliteit;stabilité (f) dimensionnelle;dimensional stability;Dimensionsstabilität / Massbeständigkeit (die)
Maatvastheid. ;;;
dispersie ;dispersion (f);dispersion;Dispersion (die)
Stabiele verdeling van een vaste stof in een vloeistof.;;;
distributiecilinder;rouleau (m) distributeur / baladeur (m);distributing roller / distributer;Reiberwalze (die)
Rol die de inkt verder verdeelt.;;;
doorgeeftrommel;cylindre (f) de transfer;transfer cylinder;Transfertrommel (die)
Cilinder in een drukpers die als enige doel heeft het substraat van de ene druktoren naar de andere door te geven.;;;
doseerapparaat;réglage (m) du débit d'eau;dispenser / measuring device;Dosierapparat (der)
Apparaat dat zorgt voor het juiste percentage toevoeging.;;;
doseerrol ;rouleau (m) de dosage;metering roller;Dosierwalze (die)
Rol waarvan de spanning tegen een tweede rol een overdrachtshoeveelheid bepaalt.;;;
doubleren ;doublon (m);doubling;dublieren
Dubbeldruk: raster of lijnbeeld geven hierdoor een verzwaard of wazig beeld.;;;
draaien ;tourner;work and twist;umdrehen
Het drukvel 180° draaien met behoud van boven- en onderzijde.;;;
drager;substrat (m) / support (m) de base;substrate;Träger (das)
Drager waarop de gevoelige laag is aangebracht.;;;
drogen ;sécher;to dry;trocknen
De van nature aanwezige vochten uit iets trekken.;;;
droogeenheid ;unité (f) de séchage;dryer unit;Trockenvorrichtung (die)
Deel van een drukpers dat zorgt voor een “versnelde” droging (lees hechting) van de inktlaag op het substraat.;;;
drooglopen;tarissement (m);to run dry;Trocken laufen
Inktaanname op beeldvrije delen door tekort aan vochtwater.;;;
droogoffset;offset (m) à sec / offset (m) sans mouillage;dry offset;Trockenoffset / Wasserloser offset (die)
Offsetprocédé zonder gebruik van water. Als basis worden andere inkten en platen toegepast.;;;
droogstof;siccatif (m);drying agent / siccative;Trockenstoff (die) / sikkativ
Substantie die toegevoegd wordt aan inkten om de droging te versnellen. Ze bestaat vooral uit metallische zouten die een katalytisch effect uitoefenen op de oxidatie en polymerisatie van de olie gebaseerde bevloeingsmiddelen.;;;
druk v.d. tegendrukcilinder ;pression (f) / puissance (f) du cylindre de contre-pression;impression pressure;Druck des Presseurs / Druckbeistellung
Drukkracht bij inkttransfer naar de drukdrager.;;;
drukformaat ;format (m) d'impression;printing size;Druckformat (das)
Maximaal te bedrukken oppervlakte.;;;
drukfouten;coquille (f);spoilage / misprint / printer's error;Druckfehler (der) / Makulatur (die)
Niet-conforme afdruk.;;;
drukgroep;groupe (m) d'impression;printing unit;Druckeinheit (die)
Eénkleurunit binnen de drukpers.;;;
drukinkt ;encre (f) d' imprimerie;printing ink;Druckfarbe (die)
Contrastmiddel bestaande uit pigment, bindmiddel en additieven.;;;
drukking ;pression (f);pression;Druck (der)
Uitgevoerde kracht.;;;
drukkracht instelling ;réglage (m) de pression;impression setting;Druckeinstellung (die)
Afstandsregeling tussen rubberdoeken tegendrukcilinder.;;;
druklijn / druknip ;point (m) d'impression;impression line;Druckpunkt (der)
Lijn die het raakvlak vormt tussen het rubberdoek en de tegendrukcilinder als deze in druk zijn geplaatst.;;;
druksnelheid ;vitesse (f) d'impression;printing speed;Druckgeschwindigkeit (die)
Het aantal meters of exemplaren dat men bedrukt per tijdseenheid.;;;
dubbelvelcontrole ;détecteur (m) de deux feuilles;double sheet detector;Doppelbogenkontrolle (die)
Instelling aan de inleg om te vermijden dat er twee vellen tegelijkertijd ingevoerd worden.;;;
dwarsrichting;sens (m) de travers;cross direction;Querrichtung (die)
Richting haaks op de looprichting.;;;
éénkleurenoffsetpers ;presse (f) offset 1-couleur;single-colour offset press;Einfarbenoffsetmaschine (die)
Drukmachine werkend volgens het offsetprincipe waarbij men per drukgang slechts één kleur op het substraat kan aanbrengen.;;;
elasticiteit ;élasticité (f);elasticity;Elastizität / Spannkraft (die)
Het vermogen om na uitrekking terug te keren naar zijn oorspronkelijke toestand.;;;
elastisch ;élastique;elastic;elastisch
Rekbaar, elastische eigenschap bezittend.;;;
elektromechanisch ;électromécanique;electromechanical;elektromechanisch
Met betrekking tot de elektriciteit en de mechanica.;;;
embossen / pregen;gaufrer / donner du relief;embossing;Prägung (das)
Door persing in een vorm en tegenvorm een relie?f in papier aanbrengen.;;;
emulgator;émulsifiant (m);emulsifier / emulsifying agent;Emulgator (der) / Emulgiermittel (das)
Stof om de vervorming van een emulsie te vergemakkelijken en om de stabiliteit ervan te verbeteren.;;;
emulgeren ;émulsifier / voiler;emulsification;emulgieren
Emulsievloeistof waarin een niet-oplosbare stof of stoffen in uiterst fijne druppeltjes verdeeld blijft zweven.;;;
emulsie ;émulsion (f);emulsion;Emulsion (die)
Systeem bestaande uit een gedispergeerde vloeistof met of zonder een emulgator in een vloeistof in druppels groter dan colloi?dale grootte.;;;
etikettenpers;machine (f) à imprimer les étiquettes / imprimeuse (f) d'étiquettes;label printing machine;Etikettendruckmaschine (die)
Drukmachine speciaal ontwikkeld voor het bedrukken van etiketten (rotatief).;;;
externe trommelbelichter;tambour (m) externe;external drum;außer Trommel (die)
Belichtingstrommel waarbij de plaat langs de buitenkant van de cilinder hangt en de belichting zich buiten de trommel bevindt.;;;
filmvochtwerk;dispositif (m) d'humectage d'alcool;alcohol damping unit;Alcoholfeuchtwerk (der)
Vochtwerk dat gebruik maakt van isopropylalcohol.;;;
filmvochtwerk ;mouillage (m) pelliculaire;film fountain;Filmfeuchtwerk (der)
Vochtwerk met niet-beklede vochtrollen.;;;
filter ;filtre (m);filter;Filter (der)
Toestel om vloeistof te zuiveren door ze door een poreuze stof te sturen.;;;
flatbedbelichter;presse (f) à plate;flat-bed press;Flachbettbelichter (die)
De belichting gebeurt op de plaat in vlakke toestand.;;;
formaatinstelling ;réglage (m) du format;format adjustment;Formateinrichtung (die)
Instellen van een pers naar het papierformaat.;;;
foto-elektrisch ;photoélectrique;photoelectric;fotoelektrisch
Geactiveerd door combinatie van optisch en elektrisch signaal.;;;
fotocel ;cellule (f) photoélectrique;photocell;Fotozelle (die)
Cel die licht kan detecteren en omzet naar een elektrisch signaal.;;;
frictie;friction (m);friction;Friktion
Spanning die ontstaat door snelheidsverschil.;;;
gedemineraliseerd water;eau (f) déminéralisée / eau (f) dé-ionisée;demineralised water / deionised water;deminiralisiertes Wasser (das)
Water waar mineralen (vooral calcium) aan onttrokken zijn.;;;
gedistilleerd water ;eau (f) distillé;distilled water;distillierte Wasser (das)
Chemisch zuiver water.;;;
gekalibreerd ;calibré;calibrated;kalibriert / kalibrieren
Geijkt op een schaal om een juiste meting te bekomen.;;;
geleidbaarheid ;conductance (f);conductivity;Leitfähigkeit (die)
Geleidingsvermogen: het omgekeerde van elektrische weerstand, uitgedrukt in Siemens.;;;
gelijkstoter ;redresseur (m);rectifier;Glattstossvorrichtung (die)
Inrichting om vellen zijdelings gelijk te stapelen.;;;
geur;odeur (f);odour;Geruch (der)
Dat wat een geurgewaarwording opwekt.;;;
gevaarlijk;dangereux (m);dangerous;gefärlich
Risicohoudend. ;;;
gevoelige laag;face (f);face;Schichtseite (die)
Zijde van een fotografische film of drukplaat waarop de lichtgevoelige laag zit.;;;
giftig ;toxique (m);poisonous;giftig
Gezondheidsriciso inhoudend.;;;
glans ;éclat (m);gloss;Glanz (der)
Spiegelende reflectie van licht.;;;
gradenschaal;échelle (f) graduée;degree scale;Gradskala (die)
Instelbare verdeling van 0° tot 360° voor het startpunt van de zijdelingse verwrijving.;;;
grein;grain (m);grain direction;Korn (das)
Korrelachtige structuur van een oppervlak.;;;
grensvlakspanning ;tension (f) interfaciale;interfacial tension;Grenzflächenspannung (die)
Spanning in het grensvlak tussen een vloeistof en een vaste stof (water en plaat) of tussen twee vloeistoffen (water en inkt).;;;
grijper ;pince (f);gripper;Greifer (der)
Inrichting op een vellenpers die het te bedrukken vel vasthoudt tijdens de druk en transport.;;;
grijperbrug ;barre (f) de pinces;gripper bar;Greiferbrücke (die)
Metalen bar of stang waar grijpers zijn op aangebracht.;;;
grijperbrug;barre (f) de pinces;gripper bridge;Greiferbrücke
As met naast elkaar staande grijpers.;;;
grijperwit;marge (f) de pinces / blanc (m) de pinces;gripper margin;Greifersteg (die)
Het gedeelte van het te bedrukken vel dat onbedrukt moet blijven om de grijpers van de pers de noodzakelijke ruimte te geven.;;;
grootformaatpers ;presse (f) à grands formats;large format offset press;Grossformatoffsetmaschine (die)
Drukpers geschikt voor het bedrukken van grote vellen. Meestal gebruikt voor het drukken van katernen of affiches.;;;
grootoplage;grand tirage (m);long run / long circulation;Grossauflage (die)
Grote drukopdracht die alle exemplaren bevat die binnen één tijdsgeheel van de pers zijn gekomen.;;;
hardheid ;dureté (f);hardness;Härte (die)
Gehalte aan aard alkali-ionen.;;;
hars ;résine (f);resin;Harz (der)
Vaste of halfvaste organische substantie van synthetische of natuurlijke oorsprong. Het wordt gebruikt met gepaste solventen om vele soorten inktbevloeiingsmiddelen te produceren.;;;
heatsetpers;presse (f) à encre heatset / presse (f) avec sécheur;heatset press;Illustrationsdruckpresse (die)
Rotatiepers waarbij de droging van de inkten gebeurt door een droogoven. Aangepaste inkten zijn vereist.;;;
herstelvermogen ;(degré de) rétablissement (m);recovering;Ausbesserungsmöglichkeit (die)
Vermogen van elastische materialen om terug de oorspronkelijke vorm aan te nemen.;;;
hoogstapeluitleg ;sortie (f) à haute pile;high-pile delivery;Hochstapelausleger (der)
Uitleg waarbij het drukwerk hoog gestapeld kan worden, gebruikt bij grote oplages.;;;
hoogte ;hauteur (f);height;Höhe (die)
Afmetingen loodrecht op de lengte of op de breedte.;;;
hoogte instellen;mettre en hauteur / réglage (m) de la pile;to bring up the pile;Höhenkontrolle
Regelen, juist afstellen van de stapelhoogte.;;;
impregneren ;imprégner;impregnate;imprägnieren
(Een poreuze vaste stof) doordrenken met een vloeistof.;;;
indeuking ;faible (f);indentation;Beule (die)
Deuk, put als gevolg van een inwerkende kracht.;;;
indrukking ;impression (f);impression;Eindrückung (die)
Plaatselijk dikteverlies.;;;
inkt-waterbalans ;équilibre (f) encre-eau;ink-water balance;Farb / Wasser-Balance (die)
Evenwicht tussen inkt en water waarbij een stabiele emulsie wordt beoogd.;;;
inktaanname ;réceptivité (f) à l'encre;ink receptivity;Farbannahme (die)
Mate waarin een gedrukte inktlaag een volgende kleur aanneemt.;;;
inktafname ;capacité (f) de transfert;lifting property;Farbabnahme (die)
Gevoeligheid van de inkt om verwijderd te worden van het plaatoppervlak of het rubberdoek op het ogenblik van de druk.;;;
inktafstotend ;repoussant (m) l'encre;ink repellent;farbabstossend
Eigenschap van de niet-beeldgedeelten van een offsetplaat die het, in bevochtigde toestand, mogelijk maakt om inkt af te stoten.;;;
inktbak;encrier (m);ink duct;Farbkast (der)
Onderdeel van de pers dat de inkt bevat.;;;
inktbakrol ;rouleau (m) d'encrier;fountain roller / duct roller;Farbduktor (der)
Rol die inkt doorgeeft van de inktbak naar het inktsysteem door in de inkt en tegen de likrol te draaien.;;;
inktdistributie;distribution (f) d'encre;ink distribution;Farbverteilung (die)
De spreiding van de inkt in de pers.;;;
inktdroging ;séchage (m) de l'encre / caractéristiques (f) de séchage;ink drying;Farbtrocknung
Eigenschap van een inkt die de droogsnelheid bepaalt.;;;
inktfijnheid ;finesse (f) de broyage;ink fineness;Farbfeinheit / Feinheit (die)
Mate van fijnheid van een pigment in een drukinkt.;;;
inktgeving ;encrage (m);inking;Einfärbung (die)
Spreiding en dosering van de inkt in de pers.;;;
inkthechting ;adhésivité (f) d'encre;ink adhesion;Farbhaftung (die)
Het binden van inkten op de drukdrager.;;;
inktlaagdikte;épaisseur (f) de la couche d'encre;ink-film thickness / ink-layer thickness;Farbschichtdicke (die)
Dikte van de inktlaag die wordt overgedragen door het inktsysteem op de plaat of op het substraat.;;;
inktmes ;lame (f) d'encrier;ink knife;Farbmesser (das)
Stalen, flexibel mes dat zonale inktdosering mogelijk maakt.;;;
inktoverdracht;capacité (f) de transfert;transfer property;Farbübertragung (die)
Transfer van bepaalde stoffen of producten.;;;
inktoverdracht ;transfert (m) de l'encre;ink transfer;Farbübertragung (die)
Transfer van de vloeibare laag waarbij de splitsingsfactor de verhouding bepaalt.;;;
inktregeling / inktgeving ;réglage (m) du débit d'encre / pré-encrage (m);colour adjusting;Farbreglung (die)
Regeling van het debiet van de inkt.;;;
inktspatel ;spatule (f);palette / inktknife;Farbspachtel (der)
Klein, breed mes om de inkt handmatig uit het blik te spatelen.;;;
inktsplitsing ;scission (f) du film d'encre;ink splitting;Farbspaltung (die)
Het splitsen van de inktlaag.;;;
inktstelschroef / zoneschroef ;vis (f) d'encrier;end adjusting screws;Zonenschraube (die)
Schroeven om zonaal het inktdebiet te regelen.;;;
inkttoevoegingsmiddel ;correctif (m) / additif (m);additive / ink modifier;Druckfarbezusatzmittel (das)
Was, vet of een andere stof die aan inkt toegevoegd wordt om overdragen, kleven en plukken te voorkomen en om de inkt korter of langer te maken.;;;
inktverbruik;consommation (f) d'encre;ink coverage;Farbverbrauch (der)
De hoeveelheid inkt die nodig is om een drukwerk uit te voeren.;;;
inktverdeling ;dispertion (f) de l'encre;ink distribution;Farbverteilung (die)
Spreiding van de inkt in functie van de laagdikte.;;;
inktverdunning;dilution de l'encre (f);ink reduction;Farbverdünnung (die)
Verdunnen van een inkt om een lagere viscositeit en een betere vloeibaarheid te bekomen.;;;
inktzone;zone (f) d'encre;ink zone;Farbzone (die)
Verdeling van de regelbreedte in de inktbak.;;;
Inlegapparaat ;margeur (m);feeder / infeed;Anleger (der) / Anlageapparat (das)
Deel van de pers dat zorgt voor de papierinvoer.;;;
inleggen ;marger / alimentation (f) en margeur;feed / to lay on;anlegen
Positioneren van het drukvel aan vooraanleg en zijaanleg.;;;
inlegtafel ;table (f) de marge / table (f) à pile / table (f) à papier;feedboard / feeding board;Einlegetisch / Anlegebrett (das)
Stapelbord aan de inlegzijde.;;;
inlegtrommel;tambour (m) de marge;feed drum;Zufuhrzylinder
Cilinder die het vel transporteert naar de eerste tegendruk.;;;
insteek (-diepte) ;creux (m) de cylindre;undercut;Einstich (der)
Hoogteverschil tussen smetring en cilindermantel.;;;
insteltijd;temps (m) de mise;set-up time / make-ready time;Einrichtezeit (die)
De tijd die nodig is om de pers in te stellen.;;;
interne trommelbelichter;tambour (m) interne;internal drum;Innentrommelbelichter (die)
Belichtingstrommel waarbij de plaat langs de binnenkant van de cilinder hangt en de belichting zich binnen de trommel bevindt.;;;
investering ;investissement (m);investment;Investierung (die)
Financie?le besteding met oog op de toekomst.;;;
isopropyl-alcohol;alcool (m) isopropylique;isopropyl alcohol;Isopropylalkohol (der)
Alcoholsoort gebruikt bij offset om de oppervlaktespanning te verlagen.;;;
kaallopen (v.d. plaat) ;griller;walking off;schwinden
Afwijkend inktaannamegedrag door de inktrollen.;;;
kanaalrand ;cadre (m) du canal;channelborder;Kanalumrandung
Begrenzing van het cilinderkanaal in omvangsrichting. Begin van de cilindermantel.;;;
kanaalstreep ;marque (f) du canal;channel streak;Kanalstreifen (die)
Drukprobleem veroorzaakt door de kanaaluitsparing.;;;
karkas;carcasse (f);carcass;Karkasse (die)
Onderbouw van het rubberdoek, dat zijn de textiellagen en tussenliggende rubberlagen zonder topcoat.;;;
kartondrukpers ;presse (f) à carton;(card) board press;Kartonpresse (die)
Drukpers met speciale voorzieningen voor het bedrukken van karton, bijv. verhoogde in en uitleg, speciale doorgavesystemen, ...;;;
keercilinder;cylindre (m) d'iversement;reversing cylinder;Wendetrommel (die)
Trommel in de pers waarbij het substraat kan gestolpt worden.;;;
keerinrichting ;unité (f) de retiration / unité (f) de rotation;perfecting unit;Wende-Einrichtung (die)
Machinegedeelte waarbij het papier gestolpt wordt.;;;
keerinrichting;unité (f) de retiration / unité (f) de rotation;perfecting unit;Wende-Einrichtung (die)
Machinegedeelte waarbij het papier gestolpt wordt.;;;
keertrommel ;tambour (m) d'iversement;reversing cylinder;Wendetrommel (die)
Cilinder die het vel keert tijdens het transport tussen twee drukgroepen.;;;
keramische wals ;rouleau (m) céramique;ceramic roller;keramische Walze (die)
Wals voorzien van een keramische coating.;;;
keren;imposition (f) en demi-feuille;work and turn;umschlagen
Draaien van het vel over de kortste zijde zodat de vooraanleg behouden blijft.;;;
kettingdraden ;chaîne (f);worp;Kette (die)
Draden in de weefrichting.;;;
kettinggrijpers ;dispositif (m) de pinces à chaînes;chain gripper device;Kettengreifersystem (das)
Grijpers aan kettingen die papier transporteren in persen met een 5-cilindersysteem.;;;
kettingtransport;transporteur (m) à chaîne;chain conveyor;Kettenftransport (das)
Papiertransport via grijperbruggen en kettingen.;;;
kettinguitleg;sortie (m) à chaîne;chain delivery;Kettenauslage (die) / Kettenausleger (der)
Inrichting op een drukpers die de vellen van de grijpers van de drukcilinder overneemt op een grijperstang. Deze is bevestigd op twee kettingen die de vellen naar het uitlegplateau transporteren.;;;
kleefband;ruban (m) adhésif;self-adhesive tape;Klebeband / selbsthaftendes Klebeband (das)
Zelfklevende tape om voorwerpen aan elkaar te bevestigen.;;;
kleefkracht (v.d. inkt) ;poisseux (m);tack (iness) / stickiness;Zügigkeit / Zähigkeit (die)
Invloed van cohesie en adhesiekrachten.;;;
kleinoffsetpers ;machine (f) offset de bureau;small offset press;Kleinoffsetmaschine (die)
Kleine drukmachine (tot A3) die gebruik maakt van het offsetprincipe.;;;
kleinoplage ;petit tirage (m);short run / short circulation / limited run;Kleinauflage (die)
Kleine drukopdracht die alle exemplaren bevat die binnen één tijdsgeheel van de pers zijn gekomen.;;;
klemlat / klemlijst;dispositif (m) d'accrochage du blanchet;blanket clamp;Tuchklemmvorrichtung / Spannleiste (die)
Spanlijst.;;;
klemlijst / klemlat;barre (f) de tension;clamp bar;Klemmstange (die)
Kleminrichting waar respectievelijk plaat of rubberdoek worden gefixeerd.;;;
kleurhelderheid ;clarté (f);lightness;Helligkeit (die)
Deel van de kleurindruk dat relateert met de mate van reflectie of transmissie van het opvallende licht.;;;
kleurkracht ;intensité (f);colour strength;Farbstärke (die)
Effectieve concentratie kleurmiddel per volume-eenheid. Hoe hoger de kleurkracht, hoe dunner de inktlaag gedrukt kan worden en hoe hoger het aantal bedrukte vellen per inktvolume.;;;
kleurstof ;colorant (m);dye;Farbstoff (der)
Colloi?daal materiaal dat kleur verleent aan een oppervlak door absorptie of door een chemische reactie.;;;
kleurtoon ;chromatique;hue;Farbton (der)
Visuele indruk die aanleiding geeft tot kleurbenamingen als rood, groen paars, ... Verwijzend naar de dominante golflengte.;;;
kleurverzadiging ;saturation (f) du couleur;saturation;Farbsättigung (die)
Deel van de kleurwaarneming dat verwijst naar de zuiverheid.;;;
klimatisering;conditionnement (m);conditioning;Klimatisierung (die)
In evenwicht brengen van het vochtgehalte en de temperatuur van papier of karton met de omgevende atmosfeer.;;;
knikweerstand;resistance (f) cassure;snap resistance / crack resistance;Knickwiederstand (der)
Herstelgedrag na indrukking van het rubberdoek in de drukzone.;;;
koeken / oplopen;plaquage (m);piling / caking;antrocknen / aufbauen / anhäufen
Ophoping van inktdeeltjes op de platen, rollen, rubberdoeken of inkttafel, hoofdzakelijk veroorzaakt door het onvermogen van het bindmiddel om het pigment in het mengsel vast te houden.;;;
kogelgewricht ;joint (m) articulé;swivel joint;Kugelgelenk (das)
Scharnierpunt met kogel.;;;
kogelhouder ;porte (f) billes;ball retainer;Kugelhalter (der)
Papiergeleider of neerhouder met metalen of plastic kogel.;;;
korn;grain (m);tooth;Korn (das)
Korrelachtige structuur van een oppervlak.;;;
kostprijs ;prix (m) de revient;cost price;Kostenpreis (der)
Wat een artikel aan de producent kost.;;;
kraalrand ;auréole (f) / bourrelet (m) d'encre;dot fringe / halo effect;Quetschrand
Wegpersen van de inkt aan de beeldrand en inktonvolkomenheid in het midden van rasterpunten of letters bij het hoogdrukproces.;;;
kraanwater ;eau (f) de robinet;tap water;Leitungswasser (das)
Leidingwater. ;;;
krasgevoelig;sensible aux rayures;scratch / slug sensitive;kratzempfindlich
De mate waarin een substraat weerstand biedt aan krassen.;;;
krullen (v.h. papier) ;roulage (de la feuille) (m);to curl;Kräuselen (des papiers)
Vervorming van het papier door slecht vervaardigen of door veranderingen in klimaat.;;;
kunststofrol;rouleau (m) synthétique;synthetic roller;Kunststoffrolle (die)
Rol met rocan of rilsan bekleding.;;;
lakwerk ;unité (f) de laque / groupe (m) de vernissage;varnish box / varnishing unit;Lackwerk (das) / Lackiereinheit (die)
Extra druktoren op een drukpers waarmee een beschermende vernislaag op het substraat kan worden aangebracht.;;;
langlopend;à long grain;long grain;längsfasrig
Papier waarbij de looprichting evenwijdig is met de lange zijde van het vel.;;;
laser;laser (m);laser;Laser (der)
Een lichtbron die in staat is een smalle coherente bundel licht voort te brengen.;;;
lengte ;longueur (f);length;Länge (die)
De grootste van de drie afmetingen van een lichaam.;;;
lichtdiode ;voyant DEL (m);light-emitting diode;Leuchtdiode
Elektronenbuis of halfgeleider met twee elektroden die licht uitstraalt.;;;
lichtechtheid ;solidité (f) à la lumière;light fastness;Lichtbeständigkeit (die)
Weerstand van papier, inkt of andere materialen tegen de vervagende werking van (zon)licht.;;;
lichtgevoelig;sensible à la lumière;sensitive to light;lichtempfindlich
Gevoelig voor lichtinvloed.;;;
liggend formaat;format (m) à l’italienne;landscape;Querformat (das)
Formaat waarbij de langste zijde horizontaal staat.;;;
likrol ;preneur (m);ductor roller / metering roller;heber (der)
Rol die contactsgewijs contact maakt met de bakrol.;;;
likrol / inktlikrol;rouleau (m) preneur;ductor roller / transfer roller;Heberrolle (die) / Farbheber (der)
Rol in inkten vochtwatersystemen die afwisselend contact maakt tussen de bakrol en het rollensysteem.;;;
loep / dradenteller;compte-fil (m);linen tester;Fadenzähler (der) / Lupe (die)
Een vergrootglas om nauwkeuriger naar vlakke substraten te kijken na de bedrukking.;;;
loodrecht / haaks ;perpendiculaire / rectangulaire;perpendicular / squareness;senkrecht / rechteckig
Formaatprecisie m.b.t. de hoeknauwkeurigheid.;;;
looplijst ;tasseau (m);bearer ring;Laufleist (die)
Metalen ring aan weerszijden van de cilinder.;;;
looprichting;sens (m) (du) papier / sens (m) du coulée;grain direction;Faserlaufrichtung (die)
De term looprichting duidt op de conforme vezelrichting in fabrieksmatig geproduceerd papier.;;;
loslaateigenschappen;décollement (m) d'un blanchet;blistering of blanket;Abplätzen
Eigenschappen die worden toegewezen aan het loslaten van het papier.;;;
loslaathoek ;angle (m) de relachement;release angle;Trennwinkel
Hoek na de druknip gevormd tussen rubberdoek en drukvel.;;;
loslaten strijklaag ;écaillement (m);peeling;Abschälen des Striches
Strijklaag die loskomt van de basislaag van het papier.;;;
loslaten van het rubber;décollement (m) d'un blanchet;blistering of blanket;abplatzen / sich loslösen
Plaatselijk loslaten van de topcoat van het rubberdoek.;;;
machineformaat;format (m) de la presse;range of press / press dimension;Maschinenformat (das)
Indeling van de persen a.d.h. van het maximaal papierformaat.;;;
mat;mat (m);mat / matt / dull;matt
Met een niet-reflecterend en dof oppervlak.;;;
meerkleurenoffsetpers;machine (f) offset plusieurs couleurs;multicolour offset press;Mehrfarbenoffset- maschine (die)
Drukpers voor meerdere kleuren in één drukgang.;;;
middenoplage;tirage (m) moyen;middle run;Mittelauflage (die)
Middelgrote drukopdracht die alle exemplaren bevat die binnen één tijdsgeheel van de pers zijn gekomen.;;;
milieu;environnement (m);environment;Umwelt (die)
Natuurlijke omgeving.;;;
modulair systeem;système (m) modulaire;modular system;Modularsystem (das)
Opbouwsysteem waarin de componenten kunnen gecombineerd worden in tal van variaties.;;;
moiré;moiré (m);moiré;Moiré
Storend beeldpatroon door interfererende rasterpatronen.;;;
molton;molleton (m);hannel;Molton
Fluweelachtige bekleding op de vochtrol.;;;
momentsleutel;clé (f) dynamométrique;torque wrench;Drehmomentschlüssel (die)
Sleutel die een instelbaar krachtmoment toelaat (wordt toegepast bij het opspannen van rubberdoeken).;;;
negatieve plaat;plaque (f) négative;negative plate;Negativplatte
Kopieer procedé waarbij de beelddelen worden belicht.;;;
nip;ligne (f) d'impression / point (m) d'impression;impression line / printing zone;Druckpunkt
Contactzone tussen cilinders of rollen.;;;
nitro;nitro;nitro;Nitro
Aanduiding voor bestendigheid i.f.v. nitrocelluloselak.;;;
nok;came (f);cam;Nocken (das)
Uitspringend gedeelte, uitsteeksel.;;;
noodstop ;bouton (m) d'arrêt d'urgence;safety stop;Sicherheitshebel (der)
Drukknop om de pers in geval van nood dadelijk tot stilstand te laten komen.;;;
nummerwerk;numéroteur (m);numbering box / unit;Numerierwerk (das)
Unit om het substraat van een nummer te voorzien.;;;
offsetinkt;encre (f) litho (graphique);litho ink;Offsetfarbe (die)
Inkt die gebruikt word bij offset persen.;;;
offsetplaat;plaque (f) offset;printing / offset plate;Druckplatte (die) / Offsetblech (n)
Drukvorm voor offsetdruk.;;;
offsetproefpers;presse (f) à contre épreuves;offset proof press;Offsetandruckpresse (die)
Offsetpers uitsluitend gebruikt voor het maken van drukproeven m.b.t. kleurweergave, stand, punttoename, … Bestaat zowel in manuele als machinale uitvoering, alsook in één- of meerkleurentype.;;;
omkeerosmose ;osmose (f) inversé;reversal osmosis;Umkehrosmose
Onthardingstechniek voor leidingwater.;;;
omtrek van de tegendrukcilinder;circonférence (f) du cylindre d'impression;circumference of impression cylinder;Druckzylinderumfang (der)
De omtrek van de tegendrukcilinder.;;;
omtreksnelheid;vitesse (f) périphérique;circumferential speed;Umfangsgeschwindigkeit (die)
Snelheid van een punt op de omtreklijn.;;;
onbedrukte vellen;feuilles (f) non-imprimées;blank sheets;unbedruckte Bogen (mpl)
Blanco vellen die nog moeten bedrukt worden.;;;
onderhoudscontract;service (f) d'entretien;maintenance contract;Wartungsvertrag / Wartungskontrakt (der)
Overeenkomst m.b.t. de dienstverlening.;;;
onderleg;feuille (f) de dessous;backing;Unterlage (die)
Toegevoegd bekledingsmateriaal onder plaat of rubberdoek.;;;
ontharden ;adoucir;soften;enthärten
Verwijderen van aard alkali-ionen.;;;
ontsluiermiddel;agent (m) d'enlevage de voile;scum remover;Schleier-Lösungsmittel (das)
Product om de beeldachtergrond te zuiveren.;;;
ontvlambaar ;inflammable;inflammable;Entflammbar
Licht vlamvattend.;;;
ontwikkelaar;révélateur (m);developer;entwickler (der)
Om het beeld op een belichte film zichtbaar te maken.;;;
ontwikkelautomaat;machine (f) à développer;processing unit;Entwicklungsmaschine
Machine waarin drukplaten automatisch worden ontwikkeld, gespoeld, gegommeerd en gedroogd.;;;
opdraagrol / (inkt)opdraagrol ;rouleaux (m) toucheurs;forme rollers;Auftragrollen (die)
Rollen die inkt op de drukvorm brengen.;;;
opdraagrol / (vocht)opdraagrol ;rouleau (m) toucheur;applicator roller;Auftragwalze (die)
Rol die de inkt of vocht op de plaat aanbrengt.;;;
oplosbaarheid;solubilité (f);solubility;Löslichkeit (die)
Vermogen van een stof om op te lossen in water of een andere vloeistof.;;;
oplosmiddel;solvant (m);solvent;das Lösgsmittel (das)
Vloeibare stof die gebruikt wordt om andere producten in op te lossen.;;;
opneemzuiger;ventouse (f) à levage;lifting sucker;Hubsauger (der)
Zuiger die het papiervel opzuigt en doorgeeft aan de transportzuigers.;;;
oppervlaktelaag;couche (f) de surface;surface layer;Oberflächeschicht (die)
Bovenste laag aan de oppervlakte gelegen.;;;
oppervlaktespanning;tension (f) superficielle;surface tension;Oberflächenspannung (die)
Spanning aan het vloeistofoppervlak, als gevolg van de aantrekkingskracht van moleculen t.o.v. elkaar: de kracht die ervoor zorgt dat de druppels een bolvorm willen aannemen.;;;
oppervlaktestructuur;structure (f) de surface;surface structure;Oberflächenstruktur (die)
Fysische structuur van het oppervlak.;;;
opslagtrommel / voorraadtrommel;tambour (m) de stockage;storage drum;Speichertrommel (die)
Dubbelgrote cilinder bij de keerinrichting.;;;
opstuwing;propulsion (f);pushing up;aufbauschen
Het gevolg van een van onder uit werkende opwaartse kracht.;;;
overstretch;surétirage (m);overstretch;Overstritch
Overspannen, te ver uitgetrokken.;;;
overzetten;maculer;to set off;abschmieren / abliegen
Verschijnsel waarbij een verse afdruk sporen achterlaat op een andere oppervlakte, in het bijzonder op de achterkant van het volgende vel.;;;
oxidatie;oxydation (f);oxidation;Oxidation (die)
Reactie met zuurstof.;;;
oxidatief drogend;séchage (m) par oxydation;oxydation drying;trocknung durch Oxydation (das)
Droging door blootstelling aan lucht of zuurstof.;;;
papierbaanbreedte;laize (f);webwidth;Papierbahnbreite (die)
Dimensie van de baan haaks op de looprichting.;;;
papierdikte;épaisseur (f) du papier;caliber / thickness;Papierdicke (die)
Mate van dikte, met of zonder eenheid.;;;
papierformaat;format (m) de papier;size of paper;Papierformat (das)
Dimensies van de drukdrager.;;;
papiergelijkhouder;guide (m) du papier;paper guide;Papierausrichter
Hoek waartegen het papier gelijk kan worden gestapeld.;;;
papierstapel;pile (f) de papier;stack;Papierstapel (der)
Een stapel of een verticale papierhoeveelheid van de zelfde soort.;;;
papierstof;poussière (f) de paier;fluff / paperdust;Papierstaub (der)
Kleine deeltjes waaruit papier bestaat.;;;
parelen;moutonnage (f);mottle;perlen der Farben (das)
Samentrekken van een inktlaag in druppels, na het drukken op een oppervlak dat de inkt niet goed absorbeert, zoals glas, folie...;;;
paskruisen;croix (f) de repère;register marks;Passerkreuze (npl)
Hulpmiddel bij het nauwkeurig sluitend maken van meerkleurenreproducties, in de vorm van haakse kruisen waarvan er twee zo ver mogelijk van elkaar op het origineel worden getekend, en die in alle kleuren meekomen.;;;
pigment;pigment (m);pigment;Farbkörper / Pigment (der)
Vaste stof, anorganisch of organisch, om kleur (kleurtoon) te geven aan de inkt.;;;
piling;plaquage (f);pilling;antrocknen
Ontstaan van ophopingen.;;;
plaatbelichter;insoleuse (f) de plaque / CTP;(flatbed) platesetter;Flachbett-Plattenbelichter
Belichtingsapparaat voor drukplaten.;;;
plaatcilinder;cylindre (m) porte-plaque;plate cylinder;Plattenzylinder (der)
Cilinder waarop de plaat gemonteerd wordt.;;;
plaatdikte;épaisseur (f) du cliché;plate thickness;Plattenstärke (die)
De dikte van de plaat gemeten in millimeter.;;;
plaatreiniger;solution (f) de lavage des clichés;plate cleaner;Plattenreinigungsmittel (das)
Gommerend, ontvettend en reinigende vloeistof.;;;
plaatslijtage;abrasion (f) de la plaque;plate abrasion;Plattenabreibung (die)
Verslijten van de plaat als gevolg van langdurig gebruik.;;;
plastisch;plastique;plastic;plastisch
Vervormbaar.;;;
plukken;arrachage (m);picking;rupfen (das)
Loslaten van delen uit het papier onder invloed van uitwendige krachten die groter zijn dan de inwendige bindingskracht van het papier.;;;
pneumatisch;pneumatique;pneumatic;pneumatisch
Door middel van blaas- en zuiglucht.;;;
poetsdoek / reinigingsdoek;chiffon (m) de nettoyage;cleaning rag;Putztuch (das)
Lor, vod.;;;
positief werkende plaat;plaque (f) positive;positive plate;Positivplatte
Kopieer procedé waarbij de beeldvrije delen worden belicht.;;;
punttoename;dédoublement (m) du point;dot gain;Punktverbreitung (die) / Punktzuhname (die)
Fysische en optische toename van een rasterpunt.;;;
puntverlies;réduction (f) de point;dot loss;Punktverlust (der)
Fysische en optische verkleining van het rasterpunt.;;;
puntvervorming;déformation (f) de point;dot deformation;Punktdeformation (die)
Vervorming van het puntbeeld tijdens het drukken.;;;
randapparatuur;équipement (m) périphérique;peripheral equipment;Peripheriegeräte (die)
Secundaire inrichtingen aan de pers die niet strikt noodzakelijk zijn.;;;
raster;trame (f);screen;Raster (der)
Omzetting van halftoonbeeld in autotypisch beeldpatroon.;;;
rasterhoek;orientation (f) de trame;screen angle;Rasterwinkel
Hoek waaronder het rasterpuntpatroon is opgesteld.;;;
rasterliniatuur;linéature (f) de trame;screen ruling / screen width;Rasterlinie / Rasterweite (die)
Afstandsverhouding tussen de lijnen van het beeldraster.;;;
rasterpercentage / toonwaarde;valeur (f) de ton;tone value;Tonwert (der)
Percentage beeldvormend gedeelte: gemeten binnen een egale beeldpartij.;;;
rasterpunt;point (m) de trame;screen dot;Rasterpunkt (der)
Punt gevormd binnen één rastercel.;;;
recto / verso;recto / verso;recto side / verso side;Vorderseite / Rückseite (die)
Schoon- en weerdruk.;;;
recto-versopers / schoon- en weerdrukpers;presse (f) à retiration / presse (f) recto-verso;perfecting press;Schön- und Widerdruckpresse
Drukpers waarbij men in één doorgang zowel de recto- als de versozijde van een substraat kan bedrukken.;;;
register;répère (m);register;Register (das)
Het nauwkeurig op elkaar passen van het drukbeeld aan de twee zijden van het papier of de drukkleuren onderling.;;;
registerverschillen;erreurs (f) de repérage;register differences;Passerdifferenzen (die)
Positie-afwijking van het beeld t.o.v. overige deelkleuren of papierformaat.;;;
rek;étirage (f) / allongement (m);stretch;Ausdehnung (die)
Het vergroten in lengte onder invloed van trekkracht.;;;
relatieve luchtvochtigheid;humidité (f) de l'air relative;relative humidity;relative Luftfeuchtigkeit (die)
Hoeveelheid vocht aanwezig in de lucht ten opzichte van de mogelijk aanwezige vochthoeveelheid bij diezelfde temperatuur.;;;
rijenbouw;presse (f) en ligne;straight-line press;Reihendruckmaschine (die)
Constructie waarbij individuele drukgroepen lineair opgesteld zijn.;;;
rollensysteem;système (m) des rouleaux;roller system;Rollensystem (das)
Geheel van rollen bestemd voor inkt- en vochtwerk.;;;
rotatiepers;impression (f) offset rotative;web (-fed) offset / rotary press;Rollenoffsetdruck (der)
Drukpers waarbij het te bedrukken materiaal in rollen verwerkt wordt en niet in afzonderlijke vellen. Na bedrukking kan het materiaal al dan niet in-line verwerkt wordt tot afzonderlijke vellen, katernen en dergelijke. Vooral voor grote oplagen.;;;
rubber;caoutchouc (m);rubber;Gummi (das)
Natuurlijk of synthetisch plastisch materiaal, dat bekomen wordt door vulcanisatie.;;;
rubber tegen rubber;blanchet (m) contre blanchet;blanket-to-blanket;Gummituch gegen Gummituch
Systeem waarbij de papierbaan tussen twee rubberdoeken loopt en elk dient als tegendruk voor de ander.;;;
rubberdoek;blanchet (m);blanket;Gummituch (das)
Gelaagde samendrukbare laag: deze wordt gebruikt om het beeld over te zetten van plaat naar drukdrager.;;;
rubberdoekcilinder;cylindre (m) porte-blanchet;blanket cylinder;Gummituchzylinder (der)
Cilinder waarop het rubberdoek gemonteerd wordt.;;;
rubberdoekspanlijst;barre (f) de calage;clamp bar;die Klemstange (die)
Spant het rubberdoek op met een klemlijst rond de rubberdoekcilinder.;;;
rubberdoekwasapparaat;dispositif (m) de lavage blanchet;blanket washup device;Gummituch Wascheinrichtung
Apparaat om de rubberdoeken automatisch te wassen.;;;
rubberrol;rouleau (m) en caoutchouc;rubber roller;Gummiwalze (die)
Inktrol bestaande uit een metalen as bekleed met synthetisch rubber.;;;
ruiterrol;rouleau (m) chargeur;rider roller;Reiterwalze (die)
Vrijstaand gemonteerde, metalen of harde kunststofrol die zich boven op de andere rollen in het inktsysteem bevindt, in contact met één of meerdere zachte rollen.;;;
samendrukbaarheid;compressibilité (f);compressibility;Zusammendrückbarkeit (die)
Vermindering in het volume van de drukdrager of het rubberdoek bij het uitoefenen van een bepaalde druk.;;;
satellietbouw;machine (f) à tambour;satellite press / common impression cylinder press;Satellitenbauwerk / Satellitenbauweise
Offsetpers met meerdere drukgroepen rond één gemeenschappelijke tegendruk.;;;
schadelijk;nocif (m);harmful;schädlich
Tijdelijke of blijvende schade toebrengend.;;;
schimmeldodende middelen;fongicides (m);fungicidalagents;Pilzgifte
Producten die parasieten bestrijden.;;;
schimmelvorming;végétation (f) mycélienne;fungus growth;Pilzbefall
Parasiethaard die ontstaat op vochtige plaatsen.;;;
schuimvorming;formation (f) d'écume;foaming;Schaumbildung (die)
Massa samenhangende blaasjes ontstaan door in- en uitwerkende krachten op de oppervlakte van een vloeistof.;;;
schuurmiddel;abrasif (m);abrasive;Schleif / scheuermittel (das)
Middel dat dient om te schuren, polijsten.;;;
schuurvastheid;résistance (f) à l'abrasion;abrasion resistance;Abriebfestigkeit (die)
Mogelijkheid om te weerstaan aan de effecten van herhaald schuren en krassen.;;;
schuurweerstand;résistance (f) au frottement;scuff resistance;Scheuerfestigkeit (die)
Mogelijkheid om te weerstaan aan herhaald wrijven en schuren.;;;
separatieblazer;souffleur-séparateur (m) de feuilles;sheet separation blower;Lockerungsbläser
Blaaspijpje dat de bovenste vellen scheidt.;;;
service / klantendienst;service (f);customer service;Kundendienst (der)
Dienstverlening voor kopers.;;;
shore-hardheid;dureté (f) shore;shore hardness;Shore Härte (die)
Hardheid van een materiaal uitgedrukt in graden shore (°A).;;;
siccatif;siccatif (m);drying agent;Trockenstoff (der)
Hulpmiddel om een inkt sneller te laten drogen.;;;
sikkelvorming;formation (f) de croissant;sickelshapeforming;Sickelförmung (die)
In de vorm van een sikkel.;;;
sjabloneren;effet (m) fantôme;ghosting;Geisterbilder (die)
Defect waarbij het beeldpatroon zich herhaalt op niet-bedoelde plaatsen.;;;
sluier;voile (f);veil / fog;Schleier (der) / Ton (der)
Zweem of kleurzweem.;;;
smeermiddel;lubrifiant (agent de) (m);lubricant;Schmiermittel (das)
Middel om mee te smeren en onderhoudsproduct om wrijving te minimaliseren.;;;
smeren;allongement (m) du point;smearing;abschmieren
Uitlopen van de inkt buiten de randen van het beeld.;;;
smering;lubrification (f);lubrication;Schmierung (die)
Zorgt ervoor dat de bewegende elementen van een machine minder wrijving veroorzaken.;;;
smetring;couronne (f);bearer ring;Schmitzring (der)
Looplijst. Metalen ringen die de cilinder begrenzen.;;;
smetten;empâtement (m);smearing;abschmieren (das)
Verschijnsel waarbij de druk onzuiver of beschadigd is, doordat, door te veel inkt of te vroege hantering, de nog natte inkt verwreven is.;;;
solvent;solvant (m) / diluant (m);solvent;Lösungsmittel (das)
Medium, meestal een vloeistof, om een substantie op te lossen en om te zetten in een vloeistof. (oplosmiddel);;;
soortelijk gewicht;poids (m) spécifique;specific gravity;Wichte (w)
Dichtheid.;;;
sorteerinrichting;unité (f) de triage;sorting unit;Sortiervorrichtung (die)
Inrichting om een oplage in de juiste volgorde te verdelen.;;;
spanjool;pétouille (f);hickey / fish eye;Butze (die)
Onvolkomenheid in volvlak veroorzaakt door vervuiling, stof en dergelijke op plaat of rubberdoek.;;;
spirit;alcool (m);alcohol / spirit;Spirit
Aanduiding voor bestendigheid i.f.v. spirituslakken.;;;
spons;éponge (f);sponge;Schwamm (der)
Sterk absorberend materiaal.;;;
sproeistang;tuyau d'arrosage;drop tube;Tropfrohr
Stang die druppelsgewijs het wasmiddel toedient.;;;
sproeisysteem;appareil (f) à humecter;moistener;Feuchtapparat (der)
Vochtwerk dat gebruik maakt van verneveling.;;;
staand formaat;format (m) à la française;portrait size;Hochformat (das)
Formaat waarbij de langste zijde verticaal staat.;;;
staffelinlegapparaat;margeur (m) à nappe;stream feeder;Schuppenanleger (der)
Dakpansgewijze invoer van het papier.;;;
stansautomaat;machine (f) automatique découpe et de rainage;die cuttting machine;Stanzautomate (die)
Machine gebruikt voor het uitstansen van allerlei vormen. Bijvoorbeeld doosjes, stickers, …;;;
stapelhoogte;hauteur de la pille (f);pile height;Stapelhöhe (die)
Verticale positionering van de papierstapel.;;;
statische elektriciteit;électricité (f) statique;static electricity;statische Elektrizität (die)
Afstotingskracht en aantrekkingskracht tussen niet-bewegende ladingen.;;;
steekcirkeldiameter;diamètre (m) primitif;pitch diameter;Teilkreisdurchmesser (das)
Werkzame diameter van het tandwiel.;;;
stelschroef;vis (f) de réglage;adjusting screw;Einstellschraube (die)
Schroef om een machine of deel ervan te regelen.;;;
stelschroef;vis (f) de règlage;set-screw;Stellschraube (die)
Schroef waarmee een instelling wordt gemaakt.;;;
stofopbouw;peluchage (m);linting;Stäubung (die)
Loskomende papiervezels die zich opstapelen in de drukkende beelddelen, die water absorberen, inkt afstoten en spanjolen veroorzaken.;;;
stolpen;impression (f) tête à queue;work and tumble;umstülpen
Draaien van het vel over de langste zijde zodat de zijaanleg behouden blijft.;;;
stuiven van de inkt;voltige (f);ink flying / ink misting;Spritzen / Farbstäuben
Conditie waarin inkt wordt omgevormd tot een fijne nevel.;;;
stuurventiel;soupape (f) de manoeuvre;control valve;Steuerventil
Regelaar voor de hoeveelheid lucht.;;;
synchronisatie;synchronisation (f);synchronisation;Synchronisierung (die)
Het in tijd doen samenvallen van twee of meer zaken die gelijktijdig moeten plaatsvinden.;;;
synchronisatie van de inleg;synchronisation (f) du margeur / avance (f) du papier;synchronization of the feeder;Synchronisierung der Anleger
Het synchroniseren van het inlegapparaat ten opzichte van de vooraanleg aan de drukgroep.;;;
tandstrepen;marques (f) de dents;gear streaks / gear marks;Zahnstreifen (der)
Markering van de tandwiellijnen in het drukbeeld.;;;
tandwiel;pignon (m) / roue (f) dentée;gear, tooth wheel;Zahnrad (der)
Wiel dat aan de omtrek bezet is met gelijkmatige tanden of inkepingen en dient om de draaiende bewegingen van een as op een andere as over te brengen.;;;
tandwielaandrijving;transmission (f) par engrenage;gear drive;Zahnradantrieb (der)
Overbrenging van beweging d.m.v. een wiel dat aan de omtrek bezet is met gelijkmatige inkepingen of tanden.;;;
tandwielstrepen;marques (f) roue dentée;gear marks;Zahnstreifen (der)
Defect waarbij streepvorming in de afdruk overeenkomt met tandwielpatroon van de aandrijving.;;;
tastvoet;commande par palpeur (f);(governor) foot controller;Abtastfuss (der)
Inrichting voor regeling van de stapelhoogte bij staffelinleg.;;;
tegendrukcilinder;cylindre (m) de contre-pression;counter-pressure cylinder;Gegendruckzylinder (die)
Cilinder waarover het papier wordt getransporteerd tijdens het drukmoment.;;;
tegendrukplaat;plaque (f) de contre-pression;jacket;Gegendrukplatte
Bekledingsplaat van de tegendrukcilinder.;;;
tegendrukplaat;plaque (f) d'impression;impression plate / jacket;Gegendruckplatte (die)
Bekleding van de tegendrukcilinder.;;;
thermische plaat;plaque (f) thermique;thermal plate;Thermoplatte
Offsetplaten met lichtgevoeligheid binnen het IR.;;;
tinten;déteintage (m);bleeding;bluten
Oplossen van inkt in de vochtbak, die zo vervuiling van het vochtwater veroorzaakt.;;;
toevoegsels;additifs (m);addition;Anhang (der)
Additieven. ;;;
tonen;graissage (m);greasing;tonen
Verschijnsel waarbij de niet-drukkende partijen van een offsetplaat inkt aannemen.;;;
toonwaardeoverdracht;transmission (f) de tonalité;tone value transmission;Tonwertübertragung (die)
Functie van rasterpercentagetransfer vb. van film naar plaat en van film naar druk.;;;
totaalhardheid;dureté (f) totale;total hardness;Gesammthärte (die)
Uitgedrukt in graden Duitse hardheid (°dH) en is een maat voor de hoeveelheid opneembaar calcium en magnesium in het water.;;;
transportband;bande (f) d'engagement;conveyor belt;Transportbänder (die)
Eindeloze band of riem ondersteund door rollen.;;;
transportrol;rouleau (m) porteur;carrier roll;Transportrolle (die)
Rol die papier over de inlegtafel helpt te transporteren.;;;
transportzuiger;ventouse (f) de transport;transport sucker / forwarding sucker;Transportsauger (der)
Zuiger die het papier voorwaarts beweegt.;;;
trekkracht / splitsingskracht;poisseux (m);tackiness / tack / stickiness;Zügigkeit / Zugfestigkeit / Klebrigkeit (die)
Weerstand tegen het splitsen van een inktlaag tussen twee scheidende oppervlakken.;;;
treksterkte / trekweerstand / breekweerstand;résistance (f) à la rupture;tensile strength;Zugfestigkeit / Bruchwiderstand (der)
Maat voor de weerstand die een stuk papier biedt tegen het trekken onder gestandaardiseerde condities.;;;
tussenlaag;couche (f) intermédiaire;intermediate layer;Zwischenschicht (die)
Laag die zich tussen twee andere lagen of zaken bevindt.;;;
tussenrollen;rouleaux (m) intermédiaires;intermediate rollers;Zwischenwalzen (die)
Brugrol tussen vocht en inktwerk.;;;
tweekleurenoffsetpers;presse (f) offset deux couleurs;two-colour offset press;Zweifarbenoffsetmaschine (die)
Offsetpers waarmee men in één doorgang twee kleuren op het substraat kan aanbrengen, afhankelijk van de persconstructie al dan niet recto-verso.;;;
uitleg;sortie (f);delivery;Auslage (die) / Ausleger (der)
Inrichting aan een drukpers die de gedrukte vellen stapelt.;;;
uitlegketting;chaîne (f) de sortie;delivery chain;Auslegerkette (die)
Ketting aan de uitleg van de pers.;;;
universeel inlegapparaat;margeur (m) feuille à feuille;single-sheet feeder;Einzelbogenanleger (der)
Normale invoer van het papier, vel per vel. Werkt trager dan een staffelinlegapparaat.;;;
veiligheidsinirichting;protection;guard;Schutz
Afdekraam ter bescherming.;;;
vellen per uur;feuilles (f) d'heure;impressions per hour;Bogen pro Stunde
Het aantal vellen die een pers per uur kan bedrukken.;;;
vellenpers;machine (f) à feuilles;sheet-fed press;Bogendruckmaschine (die)
Drukpers uitsluitend bestemd voor het bedrukken van losse vellen.;;;
vellenrem;frein (m) des feuilles;sheetbrake;Bogenbremse (die)
Rollen die het papier vertragen om een stabiele uitleg te voorzien.;;;
velontkruller ;déboucleur (m) de feuilles;sheet straightener;Bogenentroller (der)
Twee cilinders die het vel net vóór de uitleg ontkrullen om een rechte en stabiele papierstapel te verkrijgen.;;;
ventilator;ventilateur (m);fan;Ventilator (der)
Draaiende wieken om het blad stabieler te laten zakken in de uitleg.;;;
verdampen;évaporer;evaporate;verflüchten
In damp doen overgaan.;;;
verdampingssnelheid;vitesse (f) d'évaporation;evaporation rate;Verdunstungsrate
Snelheid van het verdampen wanneer een vloeistof door hitte verwarmd wordt.;;;
verdeelrol;rouleau (m) distributeur;distributor roller;Distributionsrolle (die)
Rol om inkt verder te verdelen op andere rollen.;;;
verdunningsmiddel / verdunner;diluant (m);thinner / diluent;Verdünnungsmittel (das)
Middel om substantieel de concentratie te verminderen.;;;
verglazen;glaçage;glazing;glasieren
Glad worden van het oppervlak door vervuiling van de poriestructuur.;;;
verkorten;raccourcir;to shorten;(ver)kürzen
Korter maken, tot kleinere afmetingen terugbrengen.;;;
verlengen;prolonger;to extend;verlängern
Langer maken, verder doen strekken.;;;
vermogen;puissance (f);power / capacity;Leistung (die)
Arbeid per tijdseenheid.;;;
vernauwing;resserrement (m);narrowing;Verengung
Versmalling in de drukzone.;;;
vernis;vernis (m);varnish / lacquer;Firnis (das)
Olie die gevormd werd door hitte of door toevoeging van gom, hars of andere stoffen, met of zonder droogstoffen, vaak met plastificeermiddelen en was. Het is het bevloeiingsmiddel van een inkt.;;;
vervuiling;pollution (f);pollution;Verschmutzung (die)
Verontreiniging.;;;
verwrijfcilinder;rouleau balladeur (m);oscillating roller;Reiberwalze (die)
Rol met heen-en weergaande beweging om de inktlaag te egaliseren.;;;
vier-cilindersysteem;système (m) quatre-cylindres;four-cylinder system;Vierzylindersystem (die)
Pers met drukgroepopstelling waarbij 2 rubberdoeken tegenover elkaar opgesteld zijn.;;;
vierkleurenoffsetpers;presse (f) offset quatre couleurs;four-colour offset press;Vierfarbenoffsetmaschine (die)
Offsetpers waarmee men in één doorgang vier kleuren op het substraat kan aanbrengen, afhankelijk van de persconstructie al dan niet twee kleuren recto en twee kleuren verso.;;;
vijf-cilindersysteem;système (m) cinq-cylindres;five-cylinder system;Fünfzylindersystem (die)
Drukgroepopstelling met 2 plaat-, 2 rubberdoek- en 1 tegendrukcilinder.;;;
viscositeit;viscosité (f);viscosity;Zähflüssigkeit / Viskosität (die)
Vloeiweerstand van een vloeistof, het tegenovergestelde van vloeibaarheid.;;;
vlampunt;point (m) d'inflammation;flash point / fire point;Flammpunkt (der)
Laagste temperatuur waarbij een vluchtige vloeistof nog explosief of ontvlambare dampen afgeeft.;;;
vloeibaarheid;fluidité (f);fluidity;Flüssigkeit / Flüssigkeitszahl (die)
Het omgekeerde van de viscositeitscoëfficiënt.;;;
vloeimiddel;fluidifiant (m);fluxing agent;Netzmittel (das)
Middel om iets vloeibaar te kunnen maken om zo het uitvloeien te verbeteren.;;;
vluchtige stoffen;matières (f) volatiles;volatile matters;flüchtige Stoffe / flüchtige Bestandteile (die)
Snel vervliegende en verdampende stoffen.;;;
vochtbak;bassin (m) de mouillage;water fountain;Feuchtkasten
Tank of voorraadschaal voor het vochtwater.;;;
vochtbakrol;barboteur (m);water-fountain roller;Feuchtduktor
Rol die vocht doorgeeft van de vochtbak naar het vochtsysteem door in het vocht en tegen de likrol te draaien.;;;
vochtbalans / inkt- waterbalans;équilibre (m) encre-eau;ink-water balance;Farb Wasser-Balance (die)
Evenwicht tussen de vocht- en de inktfilm op de plaat tijdens druk.;;;
vochtgeving;mouillage (m);dampening / moistening;Feuchtgebung
Bevloeiing van de plaat met vochtwater.;;;
vochtlikrol;preneur (m) d'eau;water transfer roller;Feuchtheberrolle (die)
Rol die het vochtwater afneemt van de bakrol.;;;
vochtrol;cylindre (m) humidificateur;dampening roller / dampener;Feuchtwalze (die)
Rol van het vochtwerk.;;;
vochtrolstrepen;plages (f) humides;wet streaks;Feuchtstreifen (der)
Lijnvormig defect in het drukbeeld veroorzaakt door vochtsysteem.;;;
vochtstrepen;plages (f) / traînées (f) humides;wet streaks / wet stripes;Feuchtstreifen (der)
Lichte of donkere strepen in de afdruk veroorzaakt door onvolkomenheden van het vochtwerk (afstelling, geometrie).;;;
vochtwater;eau (f) de mouillage;dampening;Feuchtwasser / Feuchtflüssigkeit (die)
Mengsel van water en additieven dat bij offsetpersen verdeeld wordt door het vochtwerk.;;;
vochtwaterbereiding;préparation (f) de la solution de mouillage;dampening solution preparation;Feuchtmittel-Aufbereitung (die)
Oplossen van water met toevoegsels.;;;
vochtwerk;dispositif (m) de mouillage / dispositif (m) d'humactage;dampening unit / fountain unit / moistening unit;Feuchtwerk (das)
Unit om het vochtwater over te brengen naar de plaat.;;;
vooraanleg;taquet (m) frontal;front lay;Vordermarke (die)
Voorziening van de drukpers, waartegen de voorkant van de vellen steeds dezelfde positie innemen.;;;
vulcaniseren;vulcanisation (f);vulcanizing;Vulkanisieren
Proces waarbij men dwarsverbindingen tussen verschillende monomeerketens bijmaakt.;;;
vulcanisering;vulcanisation (f);vulcanisation;Vulkanisierung / Vulkanisation
Elastisch en duurzaam maken van rubber door invloed van temperatuur en druk.;;;
wasbenzine;essence (f) de lavage;cleaning spirit;Waschbenzin (das)
Petroleumdestilaat: wordt toegepast bij sommige wasoperaties.;;;
wasmiddel;détergent (m);detergent;Reinigungsmittel (das)
Reinigingsmiddel, kunnen zowel zepen als synthetische producten zijn.;;;
wasrakel;racle (f);doctor blade;Washrakel (die)
Rubberen lip en opvangbak om de verdunde inkt tijdens het wassen van de pers op te vangen.;;;
water;eau (f);water;Wasser (das)
Meest voorkomende vloeistof.;;;
waterbestendigheid;refus (m) de l'eau / résistance (f) a l'eau;water resistance;Wasserfestigkeit / Wasserbeständigkeit (die)
Weerstand tegen de invloed van water.;;;
watervlaggen;taches (f) d'eau;water stains;Wasserfahnen (die)
Slecht uitdrukken van het volvlak door teveel vochtwater.;;;
watervlekken;taches (f) d'eau;water stains;Wasserflechen (die)
Vlekken die ontstaan zijn door water.;;;
weefsel;tissu (m);tissue;Gewebe (das)
Geweven stof.;;;
weefsellaag;couche (f) tissulaire;tissue layer;Gewebeschicht (die)
Laag van geweven materiaal in het rubberdoek.;;;
wegslag ;pénétration (f) de l’encre;ink absorption / ink penetration;Wegschlagen der Farbe (das)
Absorptie van het bindmiddel van een inkt door het papier.;;;
wolkerigheid  / mottle;nuageux;mottle;wolkig
Niet egaal of onrustig uitdrukken van volvlakken.;;;
wolschaal;échelle (f) de laine;wool scale;Wollskala
Schaal om lichtechtheid te meten.;;;
zijaanleg;taquet (m) latéral;side lay;Seitenmarke (die)
Positioneren van het papier aan de kortste zijde, haaks op de transportrichting.;;;
zoutuitwasmethode  ;methode (f) à rinçage / lavage (m) des sels;salt leaching method;Salzauswaschmethode (die)
Methode voor productie van samendrukbare laag van het rubberdoek.;;;
zuigband;bande (f) pneumatique;vacuum belt;Vakuumband (die)
Voorziening bij pneumatische zijaanleg.;;;
zuiger;aspirateur (m);sucker;Sauger (der)
Pneumatische inrichting die het vel opzuigt om het in de pers in te voeren.;;;
zuigkop;tête (f) d'aspiration;suction head;Saugkopf
Apparaat dat papier separeert en afneemt aan de inlegstapel.;;;
zuiglucht;air (m) d’aspiration;suction air;Saugluft (die)
Pneumatisch verschijnsel waarbij het papier door de luchtafvoer wordt meegetrokken.;;;
zuurtegraad ;acidité (f);acidity;Azidität (die)
Mate waarin een vloeistof zuur is (pH): verwijst naar de waterstofionenconcentratie.;;;
zwaaiende voorgrijper;balancier (m);transfer gripper / swing gripper;Vorgreifer
grijper die het vel van de aanleg naar de tegendruk brengt.;;;
zwarting / densiteit;densité (f);ink density;Densität (die)
Kleurkracht van een inkt bij een gegeven inktlaagdikte.;;;
zwellen van rubberdoek ;gonflement (m) d’un blanchet;blanket swelling;Quellen des Gummituches (die)
Zwellen van het rubberdoek, door het absorberen van solventen uit de inkt.;;;
zwelmethode ;gonflement (m);swell method;Quellmethode (die)
Methode voor productie van samendrukbare laag van het rubberdoek.;;;
